1;PASO CAMPAMENTO;1;0;0
2;RINCON DE PACHECO;1;0;0
3;TOPADOR;1;0;0
4;JAVIER DE VIANA;1;0;0
5;CAINZA CAMPO 3;1;0;0
6;TOMAS GOMENSORO;1;0;0
7;ARTIGAS;1;0;0
8;CALNU;1;0;0
9;PASO FARIAS;1;0;0
10;PASO DE LA CRUZ;1;0;0
11;CERRO SIGNORELLI;1;0;0
12;CERRO SAN EUGENIO;1;0;0
13;COLONIA PALMA;1;0;0
14;BELLA UNION;1;0;0
15;BALTASAR BRUM;1;0;0
16;CERRO EJIDO;1;0;0
17;BERNABE RIVERA;1;0;0
18;B RIVERA;1;0;0
19;BARRIO LAS PIEDRAS;1;0;0
20;LAS PIEDRAS;1;0;0
21;FRANQUIA;1;0;0
22;SEQUEIRA;1;0;0
23;CORONADO;1;0;0
24;CUAREIM;1;0;0
25;CUARO;1;0;0
26;ESTACION CUARO;1;0;0
27;PORT. DE HIERRO Y CAMPODONICO;1;0;0
28;COLONIA MONES QUINTELA;1;0;0
29;MONES QUINTELA;1;0;0
30;CAINSA;1;0;0
31;CALPICA ITACUMBU;1;0;0
32;PINTADITO;1;0;0
33;DIEGO LAMAS;1;0;0
34;LA BOLSA;1;0;0
35;PATITAS;1;0;0
36;GUAYUVIRA;1;0;0
37;GUYUBIRA;1;0;0
38;PIEDRA PINTADA;1;0;0
39;CHIFLERO;1;0;0
40;PINTADO;1;0;0
41;COLONIA PINTADO;1;0;0
42;ESTIBA;1;0;0
43;TAMANDUA;1;0;0
44;PINTADO GRANDE;1;0;0
45;CATALAN VOLCAN;1;0;0
46;CATALAN GRANDE;1;0;0
47;MENESES;1;0;0
48;PASO DE RAMOS;1;0;0
49;TARUMAN;1;0;0
50;ZANJA ARUERA;1;0;0
51;SARANDI DE CUARO;1;0;0
52;PAGUERO;1;0;0
53;FAGUNDEZ;1;0;0
54;PASO DE LEON;1;0;0
55;CERRITO;1;0;0
56;COLONIA ESTRELLA;1;0;0
57;PALMA SOLA;1;0;0
58;LENGUAZO;1;0;0
59;SARANDI DE YACUY;1;0;0
60;PAREDON;1;0;0
61;CAMAÑO;1;0;0
62;COLONIA VIÑAR;1;0;0
63;COLONIA ESPAÑA;1;0;0
64;COLONIA JOSE ARTIGAS;1;0;0
65;BARRA DE CARRASCO;2;0;0
66;CIUDAD DE LA COSTA;2;0;0
67;HARAS DEL LAGO;2;0;0
68;INSTITUTO ADVENTISTA;2;0;0
69;FRACCIONAMIENTO SOBRE RUTA 74;2;0;0
70;FRACC. SOBRE RUTA 74;2;0;0
71;BARROS BLANCOS;2;0;0
72;CAPITAN J A ARTIGAS;2;0;0
73;ARAMINDA;2;0;0
74;ATLANTIDA;2;0;0
75;ATLANTIDA;2;0;0
76;LAGO JARDIN DEL BOSQUE;2;0;0
77;LAGOMAR;2;0;0
78;LOS TITANES;2;0;0
79;PASO DE LAS TOSCAS;2;0;0
80;MIGUES;2;0;0
81;BELLO HORIZONTE;2;0;0
82;BIARRITZ;2;0;0
83;PROGRESO;2;0;0
84;EMPALME OLMOS;2;0;0
85;ESTACION SOUDRIERS;2;0;0
86;SOUDRIERS;2;0;0
87;FORTIN DE SANTA ROSA;2;0;0
88;AGUAS CORRIENTES;2;0;0
89;VILLA HADITA;2;0;0
90;SALINAS;2;0;0
91;LOMAS DE SOLYMAR;2;0;0
92;CUMBRES DE CARRASCO;2;0;0
93;VILLA AEROPARQUE;2;0;0
94;SAN ANTONIO;2;0;0
95;BARRIO OBRERO;2;0;0
96;OLMOS;2;0;0
97;ESTACION ATLANTIDA;2;0;0
98;ESTACION LA FLORESTA;2;0;0
99;LAS PIEDRAS;2;0;0
100;SOFIA SANTOS;2;0;0
101;PINEPARK;2;0;0
102;PINE PARK;2;0;0
103;ESTACION MIGUES;2;0;0
104;VIEJO MOLINO SAN BERNARDO;2;0;0
105;VIEJO MOLINO Y SAN BERNARDO;2;0;0
106;TOTORAL DEL SAUCE;2;0;0
107;ESTACION CASTELLANOS;2;0;0
108;PUEBLO CASTELLANOS;2;0;0
109;TALA;2;0;0
110;LA TUNA;2;0;0
111;SAN BAUTISTA;2;0;0
112;S BAUTISTA;2;0;0
113;VEJIGAS DE SAN RAMON;2;0;0
114;COSTA DE PANDO SAN JACINTO;2;0;0
115;COSTA DE PANDO OLMOS;2;0;0
116;PASO PALOMEQUE;2;0;0
117;VILLA ENCANTADA;2;0;0
118;COLINAS DE CARRASCO;2;0;0
119;LOMAS DE CARRASCO;2;0;0
120;VILLA EL TATO;2;0;0
121;PASO ESPINOSA;2;0;0
122;BARRIO LA LUCHA;2;0;0
123;VILLA SAN FELIPE;2;0;0
124;PINAMAR;2;0;0
125;CANELONES;2;0;0
126;VIADUCTO CANELONES;2;0;0
127;CRUZ DE LOS CAMINOS;2;0;0
128;LA PAZ;2;0;0
129;LA ASUNCION;2;0;0
130;SANTA LUCIA;2;0;0
131;PIEDRAS DE AFILAR;2;0;0
132;COLONIA NICOLICH;2;0;0
133;SAN RAMON;2;0;0
134;JOAQUIN SUAREZ;2;0;0
135;SUAREZ;2;0;0
136;LAS TOSCAS;2;0;0
137;PASO CARRASCO;2;0;0
138;SANTA ROSA;2;0;0
139;BARRIO COPOLA;2;0;0
140;SAUCE;2;0;0
141;PARQUE DEL PLATA;2;0;0
142;SAN LUIS;2;0;0
143;VILLA FELICIDAD;2;0;0
144;VILLA PAZ S.A.;2;0;0
145;CAMINO AL PASO DEL ANDALUZ;2;0;0
146;FRACC. CNO. ANDALUZ Y R.84;2;0;0
147;LOS CERRILLOS;2;0;0
148;SAN JACINTO;2;0;0
149;VILLA SAN JOSE;2;0;0
150;DOCTOR FRANCISCO SOCA;2;0;0
151;FRANCISCO SOCA;2;0;0
152;ESTACION TAPIA;2;0;0
153;MONTES;2;0;0
154;PINARES DE SOLYMAR;2;0;0
155;BOSQUE DE SOLYMAR;2;0;0
156;EL BOSQUE DE SOLYMAR;2;0;0
157;SAN JOSE DE CARRASCO;2;0;0
158;CITY PARK;2;0;0
159;PARQUE CARRASCO;2;0;0
160;JUANICO;2;0;0
161;LA FLORESTA;2;0;0
162;PASO DE PACHE;2;0;0
163;MONTES DE SOLYMAR;2;0;0
164;SOLYMAR;2;0;0
165;GUAZUVIRA NUEVO;2;0;0
166;NEPTUNIA;2;0;0
167;LA MONTAÑESA;2;0;0
168;GUAZUVIRA;2;0;0
169;BOLIVAR;2;0;0
170;PANDO;2;0;0
171;ESTANQUE DE PANDO;2;0;0
172;QUINTAS DEL BOSQUE;2;0;0
173;BARRIO REMANSO;2;0;0
174;CITY GOLF;2;0;0
175;QUINTA LOS HORNEROS;2;0;0
176;LAS HIGUERITAS;2;0;0
177;ESTACION PIEDRAS DE AFILAR;2;0;0
178;COSTA AZUL;2;0;0
179;COSTA Y GUILLAMON;2;0;0
180;MARINDIA;2;0;0
181;JAUREGUIBERRY;2;0;0
182;EL PINAR;2;0;0
183;ARGENTINO;2;0;0
184;CUCHILLA ALTA;2;0;0
185;SANTA ANA;2;0;0
186;SANTA LUCIA DEL ESTE;2;0;0
187;COLINAS DE SOLYMAR;2;0;0
188;AEROPUERTO INTERNACIONAL DE CARRASCO;2;0;0
189;PARADA CABRERA;2;0;0
190;JARDINES DE PANDO;2;0;0
191;CARMEL;2;0;0
192;SHANGRILA;2;0;0
193;CAMPO MILITAR;2;0;0
194;EL BOSQUE;2;0;0
195;EL BOSQUE DE CARRASCO;2;0;0
196;ESTACION PEDRERA;2;0;0
197;FRACCIONAMIENTO PROGRESO;2;0;0
198;FRACC. PROGRESO;2;0;0
199;PASO DE LA CADENA;2;0;0
200;PASO DEL TORO;2;0;0
201;PIEDRA DEL TORO;2;0;0
202;VILLA SAN CONO;2;0;0
203;VILLA JUANA;2;0;0
204;EL GALEON;2;0;0
205;SEIS HERMANOS;2;0;0
206;VILLA AREJO;2;0;0
207;VILLA ARGENTINA;2;0;0
208;ALTOS DE LA TAHONA;2;0;0
209;PARQUE MIRAMAR;2;0;0
210;BLANCO;2;0;0
211;LAS VEGAS;2;0;0
212;PARQUE DE SOLYMAR;2;0;0
213;VILLA JUANITA;2;0;0
214;VEJIGAS;2;0;0
215;VILLA MARINA;2;0;0
216;COSTAS DE SANTA LUCIA;2;0;0
217;PASO RIVERO DE VEJIGAS;2;0;0
218;FELICIANO;2;0;0
219;PIEDRITAS;2;0;0
220;MACANA;2;0;0
221;NUTRIAS;2;0;0
222;PUNTAS DE VEJIGAS;2;0;0
223;PEDERNAL;2;0;0
224;COSTAS DE PEDERNAL;2;0;0
225;PEDERNAL CHICO;2;0;0
226;PEDERNAL GRANDE;2;0;0
227;SARANDI DE MIGUES;2;0;0
228;SAUCE SOLO DE MONTES;2;0;0
229;SAUCE SOLO DE MIGUES;2;0;0
230;SAUCE SOLO;2;0;0
231;SOLIS CHICO DE MIGUES;2;0;0
232;PUNTAS DEL ARENAL;2;0;0
233;EL COLORADO DE MIGUES;2;0;0
234;SOLIS CHICO;2;0;0
235;COSTAS DE SOLIS;2;0;0
236;PIEDRA SOLA;2;0;0
237;CUCHILLA DE ZEBALLOS;2;0;0
238;PUNTAS DE PEDRERA;2;0;0
239;LA TOTORA;2;0;0
240;CUCHILLA CABO DE HORNOS;2;0;0
241;SAUCE DE SOLIS;2;0;0
242;PASO ARBELO;2;0;0
243;CUEVA DEL TIGRE;2;0;0
244;LA PALMITA;2;0;0
245;LA CHINCHILLA;2;0;0
246;LAS RANAS;2;0;0
247;B.H.U.;2;0;0
248;COSTAS DEL COLORADO;2;0;0
249;COSTAS DEL COLORADO ESTE;2;0;0
250;RINCON DEL CONDE;2;0;0
251;COSTA DEL TALA NORTE;2;0;0
252;PASO DE LA SALAMANCA;2;0;0
253;VEJIGAS DE TALA;2;0;0
254;EL COLORADO SAN BAUTISTA;2;0;0
255;COSTAS DEL TALA;2;0;0
256;PUNTAS DE LAS VIOLETAS;2;0;0
257;BARRA DEL TALA;2;0;0
258;COSTA DEL TALA ESTE;2;0;0
259;PASO DE LOS DIFUNTOS;2;0;0
260;LA PALOMA;2;0;0
261;PASO DE LA PALOMA;2;0;0
262;PUNTAS DE PANTANOSO ESTE;2;0;0
263;COSTA DE PANDO SAN BAUTISTA;2;0;0
264;PUNTAS DE COCHENGO;2;0;0
265;MURIALDO;2;0;0
266;CANELON GRANDE;2;0;0
267;ARENAL;2;0;0
268;EL CUADRO;2;0;0
269;PUNTAS DE PANTANOSO;2;0;0
270;COCHENGO;2;0;0
271;PASO DE CUELLO;2;0;0
272;CUCHILLA DE MACHIN;2;0;0
273;PUNTAS DE CAÑADA CARDOZO;2;0;0
274;VILLA NUEVA;2;0;0
275;PUNTAS DE MATA SIETE;2;0;0
276;MATA SIETE;2;0;0
277;PONCE MATA SIETE;2;0;0
278;SAN PEDRO;2;0;0
279;RANCHERIOS DE PONCE;2;0;0
280;BARRIO DEL LIBERTADOR;2;0;0
281;COSTA DEL SAUCE;2;0;0
282;CUCHILLA DE ROCHA;2;0;0
283;PANTANOSO DEL SAUCE;2;0;0
284;PANTANOSO;2;0;0
285;COSTA DE PANDO;2;0;0
286;BARRA DE LA PEDRERA;2;0;0
287;TALITA;2;0;0
288;VILLA MOLFINO;2;0;0
289;PUNTAS DE CANELON CHICO;2;0;0
290;CARRASCO DEL SAUCE;2;0;0
291;CARRASCODESAUCE;2;0;0
292;EMPALME SAUCE;2;0;0
293;PIEDRITAS DE SUAREZ;2;0;0
294;PUNTAS DE CAÑADA GRANDE;2;0;0
295;RINCON DE PANDO;2;0;0
296;SOSA DIAZ;2;0;0
297;VILLA PRADOS DE TOLEDO;2;0;0
298;MEDANOS DE SOLYMAR;2;0;0
299;PASO DEL SORDO;2;0;0
300;RINCON DE VIDAL;2;0;0
301;RINCON DE VELAZQUEZ;2;0;0
302;CANELON GRANDE NORTE;2;0;0
303;PASO DE LOS FRANCOS;2;0;0
304;PASO DE LOS ALAMOS;2;0;0
305;LOS CEIBOS;2;0;0
306;CUCHILLA VERDE;2;0;0
307;MARGAT;2;0;0
308;CANELON GRANDE DE PACHECO;2;0;0
309;CAMINO DE LA CADENA;2;0;0
310;MATAOJO;2;0;0
311;MELGAREJO;2;0;0
312;VILLA VALVERDE;2;0;0
313;ECHEVARRIA;2;0;0
314;VILLA LOS ALPES;2;0;0
315;ESQUINA GONZALEZ;2;0;0
316;LAS VIOLETAS;2;0;0
317;CANELON CHICO;2;0;0
318;RINCON DEL GIGANTE;2;0;0
319;PUNTAS DE BRUJAS;2;0;0
320;PARADOR TAJES;2;0;0
321;BARRANCAS COLORADAS;2;0;0
322;CANELON CHICO AL CENTRO;2;0;0
323;CAMINO DODERA;2;0;0
324;CAMINO LLOVERAS;2;0;0
325;CERRILLOS AL OESTE;2;0;0
326;PASO DEL BOTE;2;0;0
327;CERRILLOS AL SUR;2;0;0
328;PUENTE DE BRUJAS;2;0;0
329;CANELON CHICO DE PROGRESO;2;0;0
330;COLORADO CHICO;2;0;0
331;COLORADO Y BRUJAS;2;0;0
332;LAS BRUJAS;2;0;0
333;RINCON DE PORTEZUELO;2;0;0
334;EL COLORADO;2;0;0
335;POQUITOS;2;0;0
336;PASO DEL COLORADO;2;0;0
337;RINCON DEL COLORADO;2;0;0
338;SANTOS LUGARES;2;0;0
339;CUCHILLA DE SIERRA;2;0;0
340;VISTA LINDA;2;0;0
341;BARRIO ARTIGAS;2;0;0
342;BARRIO BENZO;2;0;0
343;BARRIO LOS PANORAMAS;2;0;0
344;BARRIO PRETTI;2;0;0
345;BARRIO SANTA RITA;2;0;0
346;BARRIO TRAVERSO;2;0;0
347;BARRIO VILLA MURCIA;2;0;0
348;LOMAS DE TOLEDO;2;0;0
349;LOS HORNOS;2;0;0
350;NATALY;2;0;0
351;VILLA FORTUNA;2;0;0
352;VILLA HUERTOS DE TOLEDO;2;0;0
353;EL DORADO;2;0;0
354;CAÑADA CARDOZO;2;0;0
355;CAÑADA DE MONTAÑO;2;0;0
356;CAÑADA GRANDE;2;0;0
357;CAÑADA PRUDENCIO;2;0;0
358;VILLA FORESTI;2;0;0
359;CASARINO;2;0;0
360;EMPALME DOGLIOTTI;2;0;0
361;BARRIO SAN CRISTOBAL;2;0;0
362;MELILLA;2;0;0
363;SANTA TERESITA;2;0;0
364;CAPILLA DE CELLA;2;0;0
365;PUNTAS DE TOLEDO;2;0;0
366;RINCON DE CARRASCO;2;0;0
367;PASO DEL MEDIO;2;0;0
368;COSTA DEL PANTANOSO;2;0;0
369;EMPALME NICOLICH;2;0;0
370;TOLEDO;2;0;0
371;CUCHILLA ALTA Y EL GALEON;2;0;0
372;PINAMAR - PINEPARK;2;0;0
373;EL BOSQUE DE LAGOMAR;2;0;0
374;VINA DEL MAR;2;0;0
375;COLONIA LAMAS;2;0;0
376;BARRIO MONTERREY;2;0;0
377;MONACO DE CARRASCO;2;0;0
378;FRACC. CAMINO MALDONADO;2;0;0
379;VILLA GABI;2;0;0
380;VILLA PORVENIR;2;0;0
381;VILLA CRESPO Y SAN ANDRES;2;0;0
382;MIRADOR DE LA TAHONA;2;0;0
383;FRAILE MUERTO;3;0;0
384;BARRIO LOPEZ BENITEZ;3;0;0
385;RIO BRANCO;3;0;0
386;TOLEDO;3;0;0
387;RAMON TRIGO;3;0;0
388;PRESIDENTE DOCTOR GETULIO VARGAS;3;0;0
389;ASPEREZAS;3;0;0
390;ARROYO MALO;3;0;0
391;PUNTAS DE MOLLES;3;0;0
392;CASA DE LAS CRONICAS;3;0;0
393;TRES ISLAS;3;0;0
394;CUCHILLA DEL CARMEN;3;0;0
395;HIPODROMO;3;0;0
396;BARRIO LA VINCHUCA;3;0;0
397;CASERIO LAS CAÑAS;3;0;0
398;QUEBRACHO;3;0;0
399;BALNEARIO LAGO MERIN;3;0;0
400;LAGO MERIN;3;0;0
401;ESPERANZA;3;0;0
402;POBLADO URUGUAY;3;0;0
403;MELO;3;0;0
404;MANGRULLO;3;0;0
405;ARACHANIA;3;0;0
406;ISIDORO NOBLIA;3;0;0
407;ESCUELA DE AGRONOMIA;3;0;0
408;WENCESLAO SILVERA;3;0;0
409;ARBOLITO;3;0;0
410;CERRO DE LAS CUENTAS;3;0;0
411;TUPAMBAE;3;0;0
412;LA PEDRERA;3;0;0
413;NANDO;3;0;0
414;ACEGUA;3;0;0
415;ALMEIDA;3;0;0
416;JUNCAL;3;0;0
417;PASO ALMEIDA;3;0;0
418;PUEBLO ALMEIDA;3;0;0
419;PUEBLO JUNCAL;3;0;0
420;BAÑADO DE MEDINA;3;0;0
421;CENTURION;3;0;0
422;AREVALO;3;0;0
423;ÑANGAPIRÉ;3;0;0
424;PLACIDO ROSAS;3;0;0
425;SOTO GORO;3;0;0
426;SARANDI DE YAGUARON;3;0;0
427;PICADA DE MAYA;3;0;0
428;URUGUAY;3;0;0
429;ARROZAL ROSALES;3;0;0
430;PUNTAS DEL SAUCE;3;0;0
431;LA CORONILLA;3;0;0
432;ARROZAL CESARONE;3;0;0
433;SAN SERVANDO;3;0;0
434;CAÑADA DE SANTOS;3;0;0
435;BARRA DEL SAUCE;3;0;0
436;PICADA DE SALOME;3;0;0
437;BARRA DEL TACUARI;3;0;0
438;MARIA ISABEL;3;0;0
439;PASO MELO;3;0;0
440;SAN DIEGO;3;0;0
441;BERACHI;3;0;0
442;FALDA DE SIERRA DE LOS RIOS;3;0;0
443;CEMENTERIO;3;0;0
444;RINCON DE PAIVA;3;0;0
445;DURAZNERO;3;0;0
446;LA GLORIA;3;0;0
447;CUCHILLA PERALTA;3;0;0
448;MONTECITO;3;0;0
449;RODRIGUEZ;3;0;0
450;CORRAL DE PIEDRA;3;0;0
451;PUNTAS DE AMARILLO;3;0;0
452;SARANDI DE BARCELO;3;0;0
453;CUCHILLA CAMBOTA;3;0;0
454;CUCHILLA DEL PARAISO;3;0;0
455;RINCON DE LOS OLIVERA;3;0;0
456;RINCON DE LOS CORONELES;3;0;0
457;LA MICAELA;3;0;0
458;CAÑITAS;3;0;0
459;SALDAÑAS;3;0;0
460;RINCON DE TACUARI;3;0;0
461;GARAO;3;0;0
462;PASO DE LAS YEGUAS;3;0;0
463;MINUANO DE ACEGUA;3;0;0
464;MISTERIO;3;0;0
465;PUNTAS DE LA MINA;3;0;0
466;LA MINA;3;0;0
467;CUCHILLA DE MELO;3;0;0
468;GRANJA DE ACEGUA;3;0;0
469;PANTEON;3;0;0
470;SARANDI DE ACEGUA;3;0;0
471;CRUZ DE PIEDRA;3;0;0
472;BUENA VISTA;3;0;0
473;COLONIA MARIA TERESA;3;0;0
474;PUNTAS DE PALLEROS;3;0;0
475;SAUCE DE CONVENTOS;3;0;0
476;PUENTE NEGRO;3;0;0
477;TRES BOLICHES;3;0;0
478;PASO DE LAS TROPAS;3;0;0
479;COLONIA OROZCO;3;0;0
480;CHACRAS DE MELO;3;0;0
481;CONVENTOS;3;0;0
482;GRANJA PALLERO;3;0;0
483;CAÑADA SARANDI;3;0;0
484;VILLA VIÑOLES;3;0;0
485;COLONIA CERES;3;0;0
486;PASO DE LA CRUZ;3;0;0
487;SANTA TERESA;3;0;0
488;INFIERNILLO;3;0;0
489;SANCHEZ;3;0;0
490;AMARILLO;3;0;0
491;GUAZUNAMBI;3;0;0
492;CAMPAMENTO;3;0;0
493;MAZANGANO;3;0;0
494;LOS CERROS;3;0;0
495;RINCON DE LA URBANA;3;0;0
496;RINCON DE SUAREZ;3;0;0
497;PASO DE LOS CARROS;3;0;0
498;AGUIRRE;3;0;0
499;RINCON DE PY;3;0;0
500;GANEN;3;0;0
501;RINCON DE CONTRERAS;3;0;0
502;PUNTAS DE TACUARI;3;0;0
503;LAS LIMAS;3;0;0
504;CALERA DE RECALDE;3;0;0
505;COIMBRA;3;0;0
506;LAGUNA DEL JUNCO;3;0;0
507;PASO PEREIRA;3;0;0
508;PIEDRA ALTA;3;0;0
509;BAÑADO DE LAS PAJAS;3;0;0
510;CAÑADA BRAVA;3;0;0
511;CAÑADA GRANDE;3;0;0
512;PEÑAROL;3;0;0
513;PIÑEIRO;3;0;0
514;COLONIA DEL SACRAMENTO;4;0;0
515;LA ESTANZUELA;4;0;0
516;PLAYA FOMENTO;4;0;0
517;GIL;4;0;0
518;PUEBLO GIL;4;0;0
519;FCIO SANCHEZ;4;0;0
520;FLORENCIO SANCHEZ;4;0;0
521;BOCA DEL ROSARIO;4;0;0
522;NUEVA PALMIRA;4;0;0
523;AGRACIADA;4;0;0
524;COLONIA VALDENSE;4;0;0
525;EL ENSUEÑO;4;0;0
526;LA HORQUETA;4;0;0
527;SAN PEDRO;4;0;0
528;SANTA REGINA;4;0;0
529;JUAN JACKSON;4;0;0
530;TARARIRAS;4;0;0
531;PASTOREO;4;0;0
532;LA PAZ;4;0;0
533;CARMELO;4;0;0
534;LA SIERRA;4;0;0
535;REAL DE VERA;4;0;0
536;CONCHILLAS;4;0;0
537;RIACHUELO;4;0;0
538;BARKER;4;0;0
539;JUAN CARLOS CASEROS;4;0;0
540;CHICO TORINO;4;0;0
541;ARRIVILLAGA;4;0;0
542;COLONIA MIGUELETE;4;0;0
543;OMBUES DE LAVALLE;4;0;0
544;CUFRE;4;0;0
545;COLONIA SUIZA;4;0;0
546;NUEVA HELVECIA;4;0;0
547;JUAN LACAZE;4;0;0
548;CERROS DE SAN JUAN;4;0;0
549;ROSARIO;4;0;0
550;PASO ANTOLIN;4;0;0
551;CASERIO EL CERRO;4;0;0
552;EL SEMILLERO;4;0;0
553;CAMPANA;4;0;0
554;ARTILLEROS;4;0;0
555;BALNEARIO ARTILLEROS;4;0;0
556;P.ASTILLERO;4;0;0
557;BLANCA ARENA;4;0;0
558;BRISAS DEL PLATA;4;0;0
559;COLONIA COSMOPOLITA;4;0;0
560;PARAJE MINUANO;4;0;0
561;RADIAL HERNANDEZ;4;0;0
562;BALNEARIO BRITOPOLIS;4;0;0
563;PLAYA BRITOPOLIS;4;0;0
564;BALNEARIO SANTA ANA;4;0;0
565;SANTA ANA;4;0;0
566;LOS PINOS;4;0;0
567;PLAYA AZUL;4;0;0
568;PLAYA PARANT;4;0;0
569;PUERTO INGLES;4;0;0
570;BALNEARIO ZAGARZAU;4;0;0
571;BALNEARIO ZAGARZAZU;4;0;0
572;ZAGARZAZU;4;0;0
573;EL FARO;4;0;0
574;LAGUNA DE LOS PATOS;4;0;0
575;CERRO CARMELO;4;0;0
576;EL QUINTON;4;0;0
577;BOCA DEL ROSARIO OESTE;4;0;0
578;MINUANO Y SAUCE;4;0;0
579;COSTA DE ROSARIO;4;0;0
580;PASO DE LA QUINTA;4;0;0
581;CERROS NEGROS;4;0;0
582;BARRANCAS COLORADAS;4;0;0
583;CONCORDIA;4;0;0
584;COLONIA QUEVEDO;4;0;0
585;RESGUARDO CUFRE;4;0;0
586;BARRIO OLIMPICO;4;0;0
587;COLONIA ESPAÑOLA;4;0;0
588;COSTAS DE SAN JUAN;4;0;0
589;PUNTAS DE SAN JUAN;4;0;0
590;LAS CHISPAS;4;0;0
591;PASO BIRRIEL;4;0;0
592;PIEDRA CHATA;4;0;0
593;ZUNIN;4;0;0
594;COSTAS DE POLONIA;4;0;0
595;TRES ESQUINAS;4;0;0
596;MANANTIALES;4;0;0
597;TERMINAL;4;0;0
598;MEDIA AGUA;4;0;0
599;PASO MORLAN;4;0;0
600;PUNTAS DEL SAUCE;4;0;0
601;PUNTAS DE MELO;4;0;0
602;BARKER NORTE;4;0;0
603;COSTA DE COLLA AL ESTE;4;0;0
604;COSTA DEL NAVARRO;4;0;0
605;ROSARIO Y COLLA;4;0;0
606;COLONIA TALICE;4;0;0
607;COLONIA PEIRANO;4;0;0
608;PICADA DE BENITEZ;4;0;0
609;PUERTO ROSARIO;4;0;0
610;PUERTO CONCORDIA;4;0;0
611;RADIAL ROSARIO;4;0;0
612;PASO QUICHO;4;0;0
613;TOMAS BELL;4;0;0
614;VILLA PANCHA;4;0;0
615;RINCON DEL REY;4;0;0
616;BONJOUR;4;0;0
617;PIEDRAS BLANCAS;4;0;0
618;COLONIA SARANDI;4;0;0
619;MOLLES DE MIGUELETE;4;0;0
620;MIGUELETE DE CONCHILLAS;4;0;0
621;PUNTAS DE JUAN GONZALEZ;4;0;0
622;EL CUADRO;4;0;0
623;CERRO DE LAS ARMAS;4;0;0
624;PASO HOSPITAL;4;0;0
625;PASO HOSPITAL MANANTIALES;4;0;0
626;SAN LUIS SANCHEZ;4;0;0
627;MINAS DE NARANCIO;4;0;0
628;ESTACION ESTANZUELA;4;0;0
629;ESTACION EXPERIMENTAL LA ESTANZUELA;4;0;0
630;SAN PEDRO NORTE;4;0;0
631;PUNTAS DE SAN PEDRO;4;0;0
632;SAN PEDRO DE ARRIBA;4;0;0
633;PIEDRA DE LOS INDIOS;4;0;0
634;REDUCTO;4;0;0
635;QUINTON;4;0;0
636;PUNTAS DEL RIACHUELO;4;0;0
637;COSTA DE TARARIRAS;4;0;0
638;SAN LUIS DE TARARIRAS;4;0;0
639;SAN LUIS;4;0;0
640;SAN JUAN;4;0;0
641;PUERTO PLATERO;4;0;0
642;POLANCO;4;0;0
643;POLANCOS;4;0;0
644;LAS FLORES;4;0;0
645;EL CHILENO;4;0;0
646;VIBORAS Y VACAS;4;0;0
647;VIBORAS;4;0;0
648;COLONIA ARRUE;4;0;0
649;COSTA DE VACAS;4;0;0
650;COLONIA ESTRELLA;4;0;0
651;COSTAS DE JUAN GONZALEZ;4;0;0
652;JUAN GONZALEZ;4;0;0
653;SAN ROQUE;4;0;0
654;SARANDI CAMPANA;4;0;0
655;SANTA ROSA;4;0;0
656;MARTIN CHICO DE CONCHILLAS;4;0;0
657;BUENA HORA;4;0;0
658;MARTIN CHICO;4;0;0
659;PUNTA FRANCESA;4;0;0
660;BELGRANO NORTE;4;0;0
661;BELGRANO SUR;4;0;0
662;EL GENERAL;4;0;0
663;CURUPI;4;0;0
664;BARRIO MENDAÑA;4;0;0
665;EL BAÑADO;4;0;0
666;EL CAÑO;4;0;0
667;LOMAS DE CARMELO;4;0;0
668;LOMAS DE CARMELO/COL;4;0;0
669;CAMPAMENTO ARTIGAS;4;0;0
670;EL CERRO;4;0;0
671;ESTANCIA ANCHORENA;4;0;0
672;PUNTAS DEL ROSARIO;4;0;0
673;LAS CAÑAS;5;0;0
674;SARANDI DEL YI;5;0;0
675;DURAZNO;5;0;0
676;BLANQUILLO;5;0;0
677;PUEBLO DE ALVAREZ;5;0;0
678;ELIAS REGULES;5;0;0
679;ROSSELL Y RIUS;5;0;0
680;CHILENO GRANDE (AGUERO);5;0;0
681;LAS PALMAS;5;0;0
682;CERRO CHATO;5;0;0
683;PUEBLO CENTENARIO;5;0;0
684;CARLOS REYLES;5;0;0
685;BAYGORRIA;5;0;0
686;AGUAS BUENAS;5;0;0
687;LA PALOMA;5;0;0
688;VILLA DEL CARMEN;5;0;0
689;DE DIOS;5;0;0
690;FELICIANO;5;0;0
691;OMBUES DE ORIBE;5;0;0
692;SAN JORGE;5;0;0
693;SANTA BERNARDINA;5;0;0
694;CERREZUELO;5;0;0
695;PASO DEL MEDIO LAS PALMAS;5;0;0
696;CUCHILLA DE RAMIREZ;5;0;0
697;LA MAZAMORRA;5;0;0
698;LA ALEGRIA;5;0;0
699;PASO RAMIREZ;5;0;0
700;VERDUN;5;0;0
701;CERRO CONVENTO;5;0;0
702;CEIBAL;5;0;0
703;CAPILLA DE FARRUCO;5;0;0
704;CAPILLA FARRUCO;5;0;0
705;LAS ACACIAS;5;0;0
706;CHILENO;5;0;0
707;BLANQUILLO AL OESTE;5;0;0
708;ESTACION CHILENO;5;0;0
709;CHILENO CHICO;5;0;0
710;PUNTAS DE HERRERA;5;0;0
711;PUNTAS DE MALBAJAR;5;0;0
712;PASO DE AGUIRRE;5;0;0
713;MALBAJAR OESTE;5;0;0
714;MALBAJAR ESTE;5;0;0
715;SARANDI DEL RIO NEGRO;5;0;0
716;SARANDI DE RIO NEGRO;5;0;0
717;BARRANCAS COLORADAS;5;0;0
718;LOS AGREGADOS;5;0;0
719;HIGUERAS DE CARPINTERIA;5;0;0
720;PASO REAL DE CARPINTERIA;5;0;0
721;CUCHILLA DEL RINCON;5;0;0
722;ARROYO DE LOS PERROS;5;0;0
723;FONSECA;5;0;0
724;PUNTAS DE CARPINTERIA;5;0;0
725;MUNICIPIO DE DURAZNO;5;0;0
726;SAUCE DE HERRERA;5;0;0
727;ROLON;5;0;0
728;SALINAS;5;0;0
729;SALINAS CHICO;5;0;0
730;ABELLA;5;0;0
731;MARISCALA DEL CARMEN;5;0;0
732;MARISCALA;5;0;0
733;PASO DE CASTRO;5;0;0
734;SAUCE DEL YI;5;0;0
735;TALA DE MARISCALA;5;0;0
736;SARANDI DE LA CHINA;5;0;0
737;PARADA SUR;5;0;0
738;ESTACION PARISH;5;0;0
739;PARISH;5;0;0
740;MOLLES CHICO;5;0;0
741;MARIA CEJAS;5;0;0
742;PUGLIA;5;0;0
743;VILLASBOAS;5;0;0
744;COSTA DE CUADRA;5;0;0
745;TEJERA;5;0;0
746;SANDU CHICO;5;0;0
747;PASO TEJERA;5;0;0
748;LAS TUNAS;5;0;0
749;BATOVI;5;0;0
750;MAESTRE CAMPO;5;0;0
751;MOLLES DE QUINTEROS;5;0;0
752;LOS TAPES;5;0;0
753;CABALLERO;5;0;0
754;CHACRAS DE DURAZNO;5;0;0
755;RINCON DE LOS TAPES;5;0;0
756;MOURIÑO;5;0;0
757;SAN JOSE DE LAS CAÑAS;5;0;0
758;PALMAR DE PORRUA;5;0;0
759;BARRIO DURAN;5;0;0
760;RINCON DE CUADRA;5;0;0
761;SANDE CHICO;5;0;0
762;LA CASILLA;6;0;0
763;ARROYO MALO;6;0;0
764;CERRO COLORADO;6;0;0
765;ISMAEL CORTINAS;6;0;0
766;ANDRESITO;6;0;0
767;JUAN JOSE CASTRO;6;0;0
768;TRINIDAD;6;0;0
769;AHOGADOS;6;0;0
770;PUNTAS DEL CORRAL DE PIEDRA;6;0;0
771;LA CORDOBESA;6;0;0
772;CUCHILLA DE VILLASBOAS;6;0;0
773;CHACRAS;6;0;0
774;CHACRAS DE BORGHI;6;0;0
775;VILLASBOAS;6;0;0
776;PUNTAS DE CHAMANGA;6;0;0
777;FERRIZO;6;0;0
778;TALAS DE MACIEL;6;0;0
779;COSTAS DE SAN JOSE;6;0;0
780;PUEBLO PINTOS;6;0;0
781;SAN GREGORIO DE FLORES;6;0;0
782;COSTAS DEL TALA;6;0;0
783;EL CORONILLA;6;0;0
784;MARINCHO;6;0;0
785;RINCON DEL PALACIO;6;0;0
786;EL TOTORAL;6;0;0
787;ARENAL GRANDE;6;0;0
788;COLONIA ALEMANA;6;0;0
789;PUNTAS DE MARINCHO;6;0;0
790;SARANDI;6;0;0
791;ARENAL CHICO;6;0;0
792;PUNTAS DE SARANDI;6;0;0
793;SANTA ADELAIDA;6;0;0
794;PUNTAS DEL SAUCE;6;0;0
795;LA GUARDIA;6;0;0
796;LA ALIANZA;6;0;0
797;PUNTAS DE SAN JOSE;6;0;0
798;VILLA PASTORA;6;0;0
799;PASO  DE LUGO;6;0;0
800;PASO HONDO;6;0;0
801;CAÑADA AMILIVIA;6;0;0
802;LOS PUENTES;6;0;0
803;CARDAL;7;0;0
804;FLORIDA;7;0;0
805;MENDOZA CHICO;7;0;0
806;FERRER;7;0;0
807;PUEBLO FERRER;7;0;0
808;LA CRUZ;7;0;0
809;PUNTAS DE MACIEL;7;0;0
810;ESTACION CAPILLA DEL SAUCE;7;0;0
811;VALENTINES;7;0;0
812;SAUCE DEL YI;7;0;0
813;25 DE AGOSTO;7;0;0
814;25 DE MAYO;7;0;0
815;MENDOZA GRANDE;7;0;0
816;CERRO CHATO;7;0;0
817;CHAMIZO;7;0;0
818;INDEPENDENCIA;7;0;0
819;POLANCO DEL YI;7;0;0
820;CASERIO LA FUNDACION;7;0;0
821;GOÑI;7;0;0
822;ESTACION MONTECORAL;7;0;0
823;MONTECORAL;7;0;0
824;ILLESCAS;7;0;0
825;ALEJANDRO GALLINAL;7;0;0
826;CERRO COLORADO;7;0;0
827;CASUPA;7;0;0
828;FRAY MARCOS;7;0;0
829;SAN GABRIEL;7;0;0
830;BARCELO;7;0;0
831;ESTACION PINTADO;7;0;0
832;PINTADO;7;0;0
833;SARANDI GRANDE;7;0;0
834;CAPILLA DEL SAUCE;7;0;0
835;REBOLEDO;7;0;0
836;BERRONDO;7;0;0
837;NICO PEREZ;7;0;0
838;LA MACANA;7;0;0
839;JOSE BATLLE Y ORDONEZ;7;0;0
840;JOSE BATLLE Y ORDOÑEZ;7;0;0
841;ARROYO MONZON;7;0;0
842;PUEBLO DE LOS MOROCHOS;7;0;0
843;MOLLES DEL PESCADO;7;0;0
844;LA VICTORIA;7;0;0
845;PUNTAS DE ILLESCAS;7;0;0
846;ARRAYAN;7;0;0
847;PASO REAL DE MANSAVILLAGRA;7;0;0
848;PUNTAS DE MANSAVILLAGRA;7;0;0
849;PUNTAS DE CHAMAME;7;0;0
850;LA PALMA;7;0;0
851;TABARE;7;0;0
852;RINCON SAUCE DEL YI;7;0;0
853;COSTA DE ILLESCAS;7;0;0
854;BARRA SAUCE DE MANSAVILLAGRA;7;0;0
855;SANTA CLARA;7;0;0
856;CHILCAS;7;0;0
857;LAS CHILCAS;7;0;0
858;CHINGOLAS;7;0;0
859;MANSAVILLAGRA;7;0;0
860;ARTEAGA;7;0;0
861;SAN PEDRO DE TIMOTE;7;0;0
862;PIEDRA CAMPANA;7;0;0
863;PUNTAS DE CHAMIZO;7;0;0
864;PUNTAS DE LA ESCOBILLA;7;0;0
865;COSTAS DEL AMARILLO;7;0;0
866;VIGNOLI;7;0;0
867;ARROYO LATORRE;7;0;0
868;ARROYO CHAMIZO;7;0;0
869;LA ESCOBILLA;7;0;0
870;PUNTAS DEL ARROYO LATORRE;7;0;0
871;COSTAS DEL SANTA LUCIA GRANDE;7;0;0
872;BARRA MOLLES DEL TIMOTE;7;0;0
873;COSTA DEL TALA;7;0;0
874;TALA DE CASTRO;7;0;0
875;DR. A. GALLINAL;7;0;0
876;MOLLES DEL TIMOTE;7;0;0
877;HERNANDARIAS;7;0;0
878;ESTACION PALERMO;7;0;0
879;PALERMO;7;0;0
880;PANTANOSO DE CASTRO;7;0;0
881;ARROYO DE LOS NEGROS;7;0;0
882;TORNERO;7;0;0
883;SAN GERONIMO;7;0;0
884;TALITA;7;0;0
885;COSTA DE LA CRUZ;7;0;0
886;URIOSTE;7;0;0
887;COLONIA SANCHEZ;7;0;0
888;CERROS DE FLORIDA;7;0;0
889;SAN JUAN;7;0;0
890;COSTAS DE ARIAS;7;0;0
891;COSTAS DE CHAMIZO GRANDE;7;0;0
892;LAS PIEDRITAS;7;0;0
893;COSTA DE ARIAS;7;0;0
894;CHAMIZO CHICO;7;0;0
895;COSTAS DE CHAMIZO;7;0;0
896;RINCON DE LOS CAMILOS;7;0;0
897;SAUCE DE VILLANUEVA;7;0;0
898;CALLERI;7;0;0
899;COSTAS DE MACIEL;7;0;0
900;TALA DE MACIEL;7;0;0
901;LA CIMBRA;7;0;0
902;PIEDRAS COLORADAS;7;0;0
903;COSTA DE PARANA;7;0;0
904;PUNTAS DE SARANDI;7;0;0
905;CUCHILLA SANTO DOMINGO;7;0;0
906;VILLA HIPICA;7;0;0
907;SAUCE DE MACIEL;7;0;0
908;PUNTAS DE SAUCE DE MACIEL;7;0;0
909;CORRAL DE PIEDRA;7;0;0
910;CERRO DE LA MACANA;7;0;0
911;SANTA TERESA;7;0;0
912;VILLA VIEJA;7;0;0
913;COSTAS DEL PINTADO;7;0;0
914;PUNTAS DE CALLEROS;7;0;0
915;CHACRAS DE FLORIDA;7;0;0
916;JUNCAL;7;0;0
917;CHACRAS DEL PINTADO;7;0;0
918;PASO VELA;7;0;0
919;PASO DE LOS NOVILLOS;7;0;0
920;CANDIL;7;0;0
921;PASO CALLEROS;7;0;0
922;COSTAS DE SANTA LUCIA CHICO;7;0;0
923;RINCON DE VIGNOLI;7;0;0
924;ARROYO PELADO;7;0;0
925;PUENTE DE MENDOZA;7;0;0
926;COLONIA TREINTA Y TRES ORIENTALES;7;0;0
927;JOSE PEDRO VARELA;8;0;0
928;MINAS;8;0;0
929;POLANCO NORTE;8;0;0
930;ARAMENDIA;8;0;0
931;MOLLES DE AIGUA;8;0;0
932;COLON;8;0;0
933;MARISCALA;8;0;0
934;BLANES VIALE;8;0;0
935;ILLESCAS;8;0;0
936;VILLA DEL ROSARIO;8;0;0
937;PIRARAJA;8;0;0
938;ESTACION SOLIS;8;0;0
939;GAETAN (CUCHILLA DE CARBAJAL);8;0;0
940;SOLIS DE MATAOJO;8;0;0
941;VILLA SERRANA;8;0;0
942;BARRIO LA CORONILLA - ANCAP;8;0;0
943;SAN FRANCISCO DE LAS SIERRAS;8;0;0
944;ZAPICAN;8;0;0
945;19 DE JUNIO;8;0;0
946;JOSE BATLLE Y ORDONEZ;8;0;0
947;JOSE BATLLE Y ORDOÑEZ;8;0;0
948;LARROSA;8;0;0
949;COSTAS DE CORRALES;8;0;0
950;ALONSO;8;0;0
951;CARNALES;8;0;0
952;GUTIERREZ;8;0;0
953;SARANDI DE GUTIERREZ;8;0;0
954;RINCON DE CEBOLLATI;8;0;0
955;AZUCAR;8;0;0
956;LAS ACHIRAS;8;0;0
957;RINCON DE MARISCALA;8;0;0
958;MOLLES DEL SAUCE;8;0;0
959;SAUCE DE OLIMAR CHICO;8;0;0
960;RETAMOSA;8;0;0
961;MOLLES DE CAÑADA GRANDE;8;0;0
962;RINCON DE SILVA;8;0;0
963;LOS TAPES;8;0;0
964;PASO DE MESA;8;0;0
965;BARRIGA NEGRA;8;0;0
966;TAPES GRANDE;8;0;0
967;TAPES CHICO;8;0;0
968;PUNTAS DE BARRIGA NEGRA;8;0;0
969;MARMARAJA;8;0;0
970;PASO DE LOS TRONCOS;8;0;0
971;CERRO PELADO;8;0;0
972;PORORO;8;0;0
973;PUENTE DE MARMARAJA;8;0;0
974;SAUCE DE AIGUA;8;0;0
975;MARCO DE LOS REYES;8;0;0
976;GODOY;8;0;0
977;LADRILLOS;8;0;0
978;MANGUERA AZUL;8;0;0
979;POLANCO;8;0;0
980;POLANCO SUR;8;0;0
981;PUNTAS DE POLANCO;8;0;0
982;CHAMAME;8;0;0
983;ESPUELITAS;8;0;0
984;SIERRAS BLANCAS;8;0;0
985;LA CUCHILLA;8;0;0
986;COSTAS DEL SOLDADO;8;0;0
987;CASUPA CHICO;8;0;0
988;PUNTAS DE SANTA LUCIA;8;0;0
989;ARROYO DEL MEDIO;8;0;0
990;COSTA DEL LENGUAZO;8;0;0
991;EL SOLDADO;8;0;0
992;PUNTAS DEL PERDIDO;8;0;0
993;EL ALTO;8;0;0
994;ORTIZ CASTRO;8;0;0
995;ESTACION ORTIZ;8;0;0
996;ORTIZ;8;0;0
997;HIGUERITAS;8;0;0
998;CAMPANERO;8;0;0
999;VERDUN;8;0;0
1000;CANTERAS DEL VERDUN;8;0;0
1001;AREQUITA;8;0;0
1002;EL PERDIDO;8;0;0
1003;SANTA LUCIA;8;0;0
1004;SOLDADO;8;0;0
1005;LA PLATA;8;0;0
1006;PUNTAS DE LOS CHANCHOS;8;0;0
1007;VELAZQUEZ;8;0;0
1008;PUNTAS DE SAN FRANCISCO;8;0;0
1009;ABRA DE ZABALETA;8;0;0
1010;AGUAS BLANCAS;8;0;0
1011;CASUPA;8;0;0
1012;EL TIGRE;8;0;0
1013;VEJIGAS;8;0;0
1014;ROLDAN;8;0;0
1015;PUNTAS DE VEJIGAS;8;0;0
1016;PUNTAS DE SOLIS;8;0;0
1017;ARROYO DE LOS PATOS;8;0;0
1018;OMBUES DE BENTANCOR;8;0;0
1019;BARRA DE LOS CHANCHOS;8;0;0
1020;BARRANCAS;8;0;0
1021;VALLE DE SOLIS;8;0;0
1022;SOLIS;8;0;0
1023;SOLIS GRANDE;8;0;0
1024;ESTACION ANDREONI;8;0;0
1025;PASO ARBELO;8;0;0
1026;CONSEJO DEL NIÑO;8;0;0
1027;BARRIO HIPODROMO;9;0;0
1028;CANTERAS DE MARELLI;9;0;0
1029;FARO JOSE IGNACIO;9;0;0
1030;FARO JOSE IGNACIO NORTE;9;0;0
1031;PLAYA VERDE;9;0;0
1032;PUNTA DEL ESTE;9;0;0
1033;EL CHORRO;9;0;0
1034;GREGORIO AZNAREZ;9;0;0
1035;MANANTIALES;9;0;0
1036;LAS FLORES;9;0;0
1037;PUEBLO LAS FLORES;9;0;0
1038;OCEAN PARK;9;0;0
1039;PIRIAPOLIS;9;0;0
1040;PUNTA BALLENA;9;0;0
1041;CERROS AZULES;9;0;0
1042;BARRA DE MALDONADO;9;0;0
1043;LA BARRA;9;0;0
1044;SAUCE DE PORTEZUELO;9;0;0
1045;LOS CORCHOS;9;0;0
1046;ARENAS DE JOSE IGNACIO;9;0;0
1047;PAN DE AZUCAR;9;0;0
1048;BELLA VISTA;9;0;0
1049;PLAYA GRANDE;9;0;0
1050;MALDONADO;9;0;0
1051;LA FALDA;9;0;0
1052;SARANDI DEL MATAOJO;9;0;0
1053;LA CAPUERA;9;0;0
1054;GERONA;9;0;0
1055;PLAYA HERMOSA;9;0;0
1056;NUEVA CARRARA;9;0;0
1057;GARZON;9;0;0
1058;LOS TALAS;9;0;0
1059;SAN CARLOS;9;0;0
1060;AIGUA;9;0;0
1061;EL EDEN;9;0;0
1062;CERRO PELADO;9;0;0
1063;LAS FLORES - ESTACION;9;0;0
1064;SOLIS;9;0;0
1065;PUEBLO SOLIS;9;0;0
1066;LOS AROMOS;9;0;0
1067;CHIHUAHUA;9;0;0
1068;VILLA DELIA;9;0;0
1069;PINARES - LAS DELICIAS;9;0;0
1070;EL TESORO;9;0;0
1071;EL QUIJOTE;9;0;0
1072;LAGUNA BLANCA;9;0;0
1073;PUNTA COLORADA;9;0;0
1074;PUNTA NEGRA;9;0;0
1075;RUTA 37 Y 9;9;0;0
1076;SAN VICENTE;9;0;0
1077;BALNEARIO BUENOS AIRES;9;0;0
1078;LAS CUMBRES;9;0;0
1079;SANTA MONICA;9;0;0
1080;EDEN ROCK;9;0;0
1081;PARQUE MEDINA;9;0;0
1082;LA SONRISA;9;0;0
1083;BARRA DE PORTEZUELO;9;0;0
1084;SAN FRANCISCO;9;0;0
1085;BUENOS AIRES;9;0;0
1086;RINCON DEL INDIO;9;0;0
1087;VALDIVIA;9;0;0
1088;ALFEREZ;9;0;0
1089;RINCON DE APARICIO;9;0;0
1090;SALAMANCA;9;0;0
1091;SARANDI DE AIGUA;9;0;0
1092;PASO DE LOS TALAS;9;0;0
1093;PUNTAS DE JOSE IGNACIO;9;0;0
1094;PASO DE LA CANTERA;9;0;0
1095;MOLLES DE GARZON;9;0;0
1096;COSTAS DE JOSE IGNACIO;9;0;0
1097;SAUCE DE AIGUA;9;0;0
1098;CORONILLA;9;0;0
1099;PUNTAS DEL CAMPANERA;9;0;0
1100;JOSE IGNACIO;9;0;0
1101;LAS CAÑAS;9;0;0
1102;CARAPE;9;0;0
1103;ZANJA DEL TIGRE;9;0;0
1104;ARROYITO DE MEDINA;9;0;0
1105;MATAOJO;9;0;0
1106;PARTIDO NORTE;9;0;0
1107;GUARDIA VIEJA;9;0;0
1108;ABRA DE PERDOMO;9;0;0
1109;PARTIDO OESTE;9;0;0
1110;CARLOS CAL;9;0;0
1111;ALFARO;9;0;0
1112;LOS CEIBOS;9;0;0
1113;LAGUNA DEL SAUCE;9;0;0
1114;CORTE DE LA LEÑA;9;0;0
1115;PAGO DE LA PAJA;9;0;0
1116;RINCON DE LOS SOSA;9;0;0
1117;SAN JUAN DEL ESTE;9;0;0
1118;PORTEZUELO;9;0;0
1119;PUNTAS DE MATAOJO;9;0;0
1120;PUNTAS DE PAN DE AZUCAR;9;0;0
1121;ABRA DE CASTELLANOS;9;0;0
1122;LA SIERRA;9;0;0
1123;PUNTAS DE LA SIERRA;9;0;0
1124;LAGO DE LOS CISNES;9;0;0
1125;BARRA DEL SAUCE;9;0;0
1126;COLONIA J. SUAREZ;9;0;0
1127;SAN RAFAEL - EL PLACER;9;0;0
1128;LA JUANITA;9;0;0
1129;CAÑADA BELLACA;9;0;0
1130;CAÑADA DE LA CRUZ;9;0;0
1131;BARRIO KENNEDY;9;0;0
1132;PUNTA FRIA;9;0;0
1133;MIRAMAR;9;0;0
1134;SANTIAGO VAZQUEZ;10;0;0
1135;MELILLA;10;0;0
1136;MONTEVIDEO;10;0;0
1137;TOLEDO CHICO;10;0;0
1138;SANTA CATALINA;10;0;0
1139;PAJAS BLANCAS;10;0;0
1140;ABAYUBA;10;0;0
1141;CIUDAD VIEJA;10;0;0
1142;CENTRO;10;0;0
1143;BARRIO SUR;10;0;0
1144;CORDÓN;10;0;0
1145;PALERMO;10;0;0
1146;PARQUE RODÓ;10;0;0
1147;PUNTA CARRETAS;10;0;0
1148;POCITOS;10;0;0
1149;BUCEO;10;0;0
1150;PARQUE BATLLE, VILLA DOLORES;10;0;0
1151;MALVÍN;10;0;0
1152;MALVÍN NORTE;10;0;0
1153;PUNTA GORDA;10;0;0
1154;CARRASCO;10;0;0
1155;CARRASCO NORTE;10;0;0
1156;BAÑADOS DE CARRASCO;10;0;0
1157;MAROÑAS, PARQUE GUARANÍ;10;0;0
1158;FLOR DE MAROÑAS;10;0;0
1159;LAS CANTERAS;10;0;0
1160;PUNTA DE RIELES, BELLA ITALIA;10;0;0
1161;JARDINES DEL HIPÓDROMO;10;0;0
1162;ITUZAINGÓ;10;0;0
1163;UNIÓN;10;0;0
1164;VILLA ESPAÑOLA;10;0;0
1165;MERCADO MODELO, BOLÍVAR;10;0;0
1166;CASTRO, PÉREZ CASTELLANOS;10;0;0
1167;CERRITO DE LA VICTORIA;10;0;0
1168;LAS ACACIAS, MARCONI ;10;0;0
1169;AIRES PUROS;10;0;0
1170;CASAVALLE;10;0;0
1171;PIEDRAS BLANCAS;10;0;0
1172;MANGA, TOLEDO CHICO;10;0;0
1173;PASO DE LAS DURANAS;10;0;0
1174;PEÑAROL, LAVALLEJA;10;0;0
1175;VILLA DEL CERRO;10;0;0
1176;CASABÓ, PAJAS BLANCAS;10;0;0
1177;LA PALOMA, TOMKINSON;10;0;0
1178;LA TEJA;10;0;0
1179;PRADO, NUEVA SAVONA;10;0;0
1180;CAPURRO, BELLA VISTA, ARROYO SECO;10;0;0
1181;AGUADA;10;0;0
1182;REDUCTO;10;0;0
1183;ATAHUALPA;10;0;0
1184;JACINTO VERA;10;0;0
1185;LA FIGURITA;10;0;0
1186;LARRAÑAGA;10;0;0
1187;LA BLANQUEADA;10;0;0
1188;VILLA MUÑOZ, RETIRO, GOES;10;0;0
1189;LA COMERCIAL;10;0;0
1190;TRES CRUCES;10;0;0
1191;BRAZO ORIENTAL;10;0;0
1192;SAYAGO;10;0;0
1193;CONCILIACIÓN;10;0;0
1194;BELVEDERE, PASO MOLINO;10;0;0
1195;NUEVO PARÍS;10;0;0
1196;TRES OMBÚES, PUEBLO VICTORIA;10;0;0
1197;PASO DE LA ARENA, SANTIAGO VÁZQUEZ;10;0;0
1198;COLÓN SURESTE, ABAYUBÁ;10;0;0
1199;COLÓN CENTRO Y NOROESTE;10;0;0
1200;LEZICA, MELILLA;10;0;0
1201;VILLA GARCÍA, MANGA RURAL;10;0;0
1202;MANGA;10;0;0
1203;LORENZO GEYRES;11;0;0
1204;CASA BLANCA;11;0;0
1205;NUEVO PAYSANDU;11;0;0
1206;PUEBLO FEDERACION;11;0;0
1207;CUCHILLA DE BURICAYUPI;11;0;0
1208;CUCHILLA DE FUEGO;11;0;0
1209;LA TENTACION;11;0;0
1210;QUEGUAYAR;11;0;0
1211;PAYSANDU;11;0;0
1212;BELLA VISTA;11;0;0
1213;ESTACION PORVENIR;11;0;0
1214;TERMAS DE ALMIRON;11;0;0
1215;CHACRAS DE PAYSANDU;11;0;0
1216;QUEBRACHO;11;0;0
1217;PIERA;11;0;0
1218;PIÑERA;11;0;0
1219;ARBOLITO (TOTORAL);11;0;0
1220;PUNTAS DE ARROYO NEGRO;11;0;0
1221;PIEDRA SOLA;11;0;0
1222;PARADA ESPERANZA;11;0;0
1223;PUEBLO ESPERANZA;11;0;0
1224;BEISSO;11;0;0
1225;PUEBLO ALONZO;11;0;0
1226;ARAUJO;11;0;0
1227;GALLINAL;11;0;0
1228;MERINOS;11;0;0
1229;EL EUCALIPTUS;11;0;0
1230;CAÑADA DEL PUEBLO;11;0;0
1231;CHAPICUY;11;0;0
1232;MORATO (TRES ARBOLES);11;0;0
1233;TAMBORES;11;0;0
1234;GUICHON;11;0;0
1235;PORVENIR;11;0;0
1236;ORGOROSO;11;0;0
1237;SOTO;11;0;0
1238;CERRO CHATO;11;0;0
1239;CONSTANCIA;11;0;0
1240;PIEDRAS COLORA;11;0;0
1241;PIEDRAS COLORADAS;11;0;0
1242;ZEBALLOS;11;0;0
1243;TERMAS DE GUAVIYU;11;0;0
1244;SAN FELIX;11;0;0
1245;VILLA MARIA (TIATUCURA);11;0;0
1246;COLONIA JUNCAL;11;0;0
1247;PERICO MORENO;11;0;0
1248;TRES BOCAS;11;0;0
1249;PUNTAS DE BURICAYUPI;11;0;0
1250;GUALEGUAY;11;0;0
1251;PUNTAS DE GUALEGUAY;11;0;0
1252;SAUCE DEL BURICAYUPI;11;0;0
1253;EL CHACO;11;0;0
1254;EL HORNO;11;0;0
1255;PASO DE LOS CARROS;11;0;0
1256;EL TARUGO;11;0;0
1257;QUEGUAY GRANDE;11;0;0
1258;COLONIA URUGUAYA;11;0;0
1259;GUAYABOS;11;0;0
1260;PARADA PANDULE;11;0;0
1261;EL DURAZNAL;11;0;0
1262;PUNTAS DE BACACUA;11;0;0
1263;LAS FLORES;11;0;0
1264;ARROYO NEGRO;11;0;0
1265;TOMAS PAZ;11;0;0
1266;SAN MAURICIO;11;0;0
1267;PARADA DAYMAN;11;0;0
1268;PARADA RIVAS;11;0;0
1269;COLONIA SANTA BLANCA;11;0;0
1270;SANTA KILDA;11;0;0
1271;CARUMBE;11;0;0
1272;PALMAR DEL QUEBRACHO;11;0;0
1273;GUAVIYU DE QUEBRACHO;11;0;0
1274;SAUCE DEL QUEGUAY;11;0;0
1275;SAUCE DE ABAJO;11;0;0
1276;PUNTAS DE LAS ISLETAS;11;0;0
1277;ETCHEMENDI;11;0;0
1278;VALDEZ;11;0;0
1279;ARROYO MALO;11;0;0
1280;COLONIA ARROYO MALO;11;0;0
1281;PUNTAS DE CANGUE;11;0;0
1282;LAS PALMAS;11;0;0
1283;COSTA DE SACRA;11;0;0
1284;SAN FRANCISCO;11;0;0
1285;COLONIA PAYSANDU;11;0;0
1286;COLONIA CANGUE;11;0;0
1287;SAN MIGUEL;11;0;0
1288;RABON;11;0;0
1289;CHACRAS DE PAYSANDU SUR;11;0;0
1290;CHACRAS DE PAYSANDU NORTE;11;0;0
1291;LA LATA RUTA 3 (KM. 375);11;0;0
1292;AL SUR DE ARROYO SACRA;11;0;0
1293;LA PAZ (RUTA 3 KM. 346);11;0;0
1294;CANGUE;11;0;0
1295;CUCHILLA SAN JOSE;11;0;0
1296;MOLLES GRANDE;11;0;0
1297;COLONIA LAS DELICIAS;11;0;0
1298;LAS CAÑAS;12;0;0
1299;NUEVO BERLIN;12;0;0
1300;ALGORTA;12;0;0
1301;PUEBLO GRECCO;12;0;0
1302;BARRIO ANGLO;12;0;0
1303;LOS ARRAYANES;12;0;0
1304;SARANDI DE NAVARRO;12;0;0
1305;VILLA MARIA;12;0;0
1306;LOS MELLIZOS;12;0;0
1307;SAN JAVIER;12;0;0
1308;YOUNG;12;0;0
1309;MENAFRA;12;0;0
1310;TRES QUINTAS;12;0;0
1311;MERINOS;12;0;0
1312;FRAY BENTOS;12;0;0
1313;BORGES;12;0;0
1314;VILLA GENERAL BORGES;12;0;0
1315;COLONIA EL OMBU;12;0;0
1316;BELLACO;12;0;0
1317;PUNTAS DE AVERIAS;12;0;0
1318;SANTA ROSA;12;0;0
1319;ESTACION FRANCIA;12;0;0
1320;LA CORONILLA;12;0;0
1321;PASO DE SOCA;12;0;0
1322;LA PALMA;12;0;0
1323;PALMAR GRANDE;12;0;0
1324;SARANDI;12;0;0
1325;ROLON;12;0;0
1326;PASO DE BALBUENA;12;0;0
1327;PAURU;12;0;0
1328;EL PROGRESO;12;0;0
1329;LAS FLORES;12;0;0
1330;MOLLES DE PORRUA;12;0;0
1331;EL SURCO;12;0;0
1332;LA ARENA;12;0;0
1333;PASO RAMIREZ;12;0;0
1334;VALLE DE SOBA;12;0;0
1335;PASO DE LEOPOLDO;12;0;0
1336;DON ESTEBAN;12;0;0
1337;MATAOJO;12;0;0
1338;SANTA ISABEL;12;0;0
1339;PASO DE LOS COBRES;12;0;0
1340;ULESTE;12;0;0
1341;LA FLORIDA;12;0;0
1342;ARROYO NEGRO;12;0;0
1343;TRES BOCAS;12;0;0
1344;SANCHEZ;12;0;0
1345;LA UNION;12;0;0
1346;SANCHEZ CHICO;12;0;0
1347;SAUCE;12;0;0
1348;ESTANCIA VICHADERO;12;0;0
1349;EL ABROJAL;12;0;0
1350;SANTA ELISA;12;0;0
1351;SAN LORENZO;12;0;0
1352;YAGUARETE;12;0;0
1353;OMBUCITOS;12;0;0
1354;LAS FRACCIONES;12;0;0
1355;LAS MARGARITAS;12;0;0
1356;CARACOLES;12;0;0
1357;LOS RANCHOS;12;0;0
1358;ISLA DE ARGUELLES;12;0;0
1359;CAÑITAS;12;0;0
1360;PORTON HAEDO;12;0;0
1361;PTE. SAN MARTIN;12;0;0
1362;COLONIA JOHN F. KENNEDY;12;0;0
1363;CERROS DE LA CALERA;13;0;0
1364;RIVERA;13;0;0
1365;MASOLLER;13;0;0
1366;LA PEDRERA;13;0;0
1367;PASO LAPUENTE;13;0;0
1368;MOIRONES;13;0;0
1369;CARPINTERIA;13;0;0
1370;MANUEL DIAZ;13;0;0
1371;PASO SERPA;13;0;0
1372;ZANJA HONDA DE TRANQUERAS;13;0;0
1373;PASO DEL LAGUNON;13;0;0
1374;HOSPITAL;13;0;0
1375;ARROYO SAUZAL;13;0;0
1376;TRANQUERAS;13;0;0
1377;VICHADERO;13;0;0
1378;LAGOS DEL NORTE;13;0;0
1379;ARROYO BLANCO;13;0;0
1380;SANTA TERESA;13;0;0
1381;PASO ATAQUES;13;0;0
1382;LAS FLORES;13;0;0
1383;CERRO PELADO;13;0;0
1384;CERRILLADA;13;0;0
1385;MANDUBI;13;0;0
1386;LAGUNON;13;0;0
1387;AMARILLO;13;0;0
1388;MINAS DE CORRALES;13;0;0
1389;EL CEIBO;13;0;0
1390;PASO DE FRONTERA;13;0;0
1391;PASO DEL PUERTO;13;0;0
1392;EL PALMITO;13;0;0
1393;ZANJA HONDA;13;0;0
1394;PASO DE ARRIERA;13;0;0
1395;PUEBLO DE LOS SANTOS;13;0;0
1396;LA CHILCA;13;0;0
1397;VILLA INDART;13;0;0
1398;CRUZ DE SAN PEDRO;13;0;0
1399;YAGUARI;13;0;0
1400;GUAVIYU;13;0;0
1401;LA CAILLAVA;13;0;0
1402;RINCON DE RODRIGUEZ;13;0;0
1403;RINCON DE AMARILLO;13;0;0
1404;RINCON DE YAGUARI;13;0;0
1405;LA CERRILLADA;13;0;0
1406;CERROS BLANCOS;13;0;0
1407;CHIRCA DE CARAGUATA;13;0;0
1408;PUNTAS DE ABROJAL;13;0;0
1409;CERRO CHATO;13;0;0
1410;ABROJAL;13;0;0
1411;PUEBLO SOCORRO;13;0;0
1412;CARAGUATA;13;0;0
1413;ALBORADA;13;0;0
1414;CORONILLA;13;0;0
1415;PUNTAS DEL YAGUARI;13;0;0
1416;CUCHILLA MANGUERAS;13;0;0
1417;TRES PUENTES;13;0;0
1418;BERRUTI;13;0;0
1419;SEGARRA;13;0;0
1420;CORONILLA DE CORRALES;13;0;0
1421;CERRO PELADO AL ESTE;13;0;0
1422;BLANQUILLOS;13;0;0
1423;PASO AMARILLO;13;0;0
1424;MINAS DE ZAPUCAY;13;0;0
1425;LAURELES;13;0;0
1426;BUENA ORDEN AL NORTE;13;0;0
1427;CUCHILLA DE YAGUARI;13;0;0
1428;CURTUME;13;0;0
1429;BATOVI;13;0;0
1430;CAPON ALTO;13;0;0
1431;ATAQUES;13;0;0
1432;PASO DEL TAPADO;13;0;0
1433;PUNTAS DE CORRALES;13;0;0
1434;PASO DE LA CALERA;13;0;0
1435;PASO DE GAIRE;13;0;0
1436;RINCON DE DINIZ;13;0;0
1437;RINCON DE ROLAND;13;0;0
1438;SANTA ERNESTINA;13;0;0
1439;COSTAS DE CUÑAPIRU;13;0;0
1440;MINAS DE CUÑAPIRU (USINAS);13;0;0
1441;TRES CERROS;13;0;0
1442;SAN GREGORIO;13;0;0
1443;RINCON DE LOS CASTILLOS;13;0;0
1444;RINCON DE TRES CERROS;13;0;0
1445;CERRO CHAPEU;13;0;0
1446;CERRO CAQUEIRO;13;0;0
1447;PLATON;13;0;0
1448;CURTICEIRAS;13;0;0
1449;CUCHILLA DE TRES CERROS;13;0;0
1450;PUNTAS DE CUÑAPIRU;13;0;0
1451;PASO DE ATAQUES;13;0;0
1452;LOS POTREROS;13;0;0
1453;RINCON DE MORAES;13;0;0
1454;PARADA MEDINA;13;0;0
1455;CERRO SOLITO;13;0;0
1456;SAUCE DE BATOVI;13;0;0
1457;SAUZAL;13;0;0
1458;PUNTAS DEL SAUZAL;13;0;0
1459;BUENA UNION;13;0;0
1460;BARRA DE ATAQUES;13;0;0
1461;PASO DE LA ARENA;13;0;0
1462;CERRO ALEGRE;13;0;0
1463;LA PALMA;13;0;0
1464;LUNAREJO;13;0;0
1465;PIEDRAS BLANCAS;13;0;0
1466;PASO CASILDO;13;0;0
1467;SANTA ISABEL;13;0;0
1468;TRES CRUCES;13;0;0
1469;BAÑADO DEL CHAJA;13;0;0
1470;CERRO BLANCO DE CUÑAPIRU;13;0;0
1471;CUÑAPIRU;13;0;0
1472;LA CALERA;13;0;0
1473;BARRIO RECREO;13;0;0
1474;PASO CASILDO;13;0;0
1475;PUNTA RUBIA;14;0;0
1476;18 DE JULIO;14;0;0
1477;BARRIO PEREIRA;14;0;0
1478;ANTONIOPOLIS;14;0;0
1479;PASO DOÑA ROSA;14;0;0
1480;BARRANCAS DE LA CORONILLA;14;0;0
1481;CASTILLOS;14;0;0
1482;CEBOLLATI;14;0;0
1483;CHUY;14;0;0
1484;SAN LUIS AL MEDIO;14;0;0
1485;LA CORONILLA;14;0;0
1486;BARRA DE VALIZAS;14;0;0
1487;PUEBLO NUEVO;14;0;0
1488;BARRIO CARPACHO;14;0;0
1489;CAPACHO;14;0;0
1490;COSTAS DE CEBOLLATI;14;0;0
1491;PUERTO DE LOS BOTES;14;0;0
1492;LA PEDRERA;14;0;0
1493;ROCHA;14;0;0
1494;PLANO 291;14;0;0
1495;SAMUEL;14;0;0
1496;LASCANO;14;0;0
1497;VELAZQUEZ;14;0;0
1498;19 DE ABRIL;14;0;0
1499;PALMARES DE LA CORONILLA;14;0;0
1500;LA RIBIERA;14;0;0
1501;PUENTE VALIZAS;14;0;0
1502;PARQUE BALNEARIO LA PALOMA;14;0;0
1503;PUERTO LA PALOMA;14;0;0
1504;LA AGUADA Y COSTA AZUL;14;0;0
1505;AGUAS DULCES;14;0;0
1506;BARRA DEL CHUY;14;0;0
1507;BARRIO TORRES;14;0;0
1508;CABO POLONIO;14;0;0
1509;BALNEARIO LA ESMERALDA;14;0;0
1510;LA ESMERALDA;14;0;0
1511;PARALLE;14;0;0
1512;PUIMAYEN;14;0;0
1513;ARACHANIA;14;0;0
1514;PUNTA DEL DIABLO;14;0;0
1515;OCEANIA DEL POLONIO;14;0;0
1516;SAN ANTONIO;14;0;0
1517;TAJAMARES DE LA PEDRERA;14;0;0
1518;SAN SEBASTIAN DE LA PEDRERA;14;0;0
1519;BARRA ISLA NEGRA;14;0;0
1520;ISLA NEGRA;14;0;0
1521;PASO DEL OMBU;14;0;0
1522;LA FORTALEZA DE SANTA TERESA;14;0;0
1523;PUNTA PALMAR;14;0;0
1524;PASO DE LOPEZ;14;0;0
1525;CERRO DE LOS ROCHA;14;0;0
1526;PALMAR;14;0;0
1527;VUELTA DEL PALMAR;14;0;0
1528;BARRIO CARDOZO;14;0;0
1529;PALMAR DE CASTILLOS;14;0;0
1530;RINCON DE LOS OLIVERA;14;0;0
1531;CERRO DE PESCADORES;14;0;0
1532;RINCON DE VALIZAS;14;0;0
1533;QUEBRACHO;14;0;0
1534;BARRIO PORVENIR;14;0;0
1535;ABRA DE ALFEREZ;14;0;0
1536;LOS AJOS;14;0;0
1537;EL CHIMANGO;14;0;0
1538;COLONIA GREISSING;14;0;0
1539;ORATORIO;14;0;0
1540;EMPALME DE VELAZQUEZ;14;0;0
1541;LA TUNA;14;0;0
1542;INDIA MUERTA;14;0;0
1543;SARANDI DE LA INDIA MUERTA;14;0;0
1544;PUNTAS DE DON CARLOS;14;0;0
1545;LOMAS;14;0;0
1546;ARBOLITO;14;0;0
1547;KILOMETRO 18;14;0;0
1548;ALFEREZ;14;0;0
1549;CUCHILLA DEL ARBOLITO;14;0;0
1550;LA CENTINELA;14;0;0
1551;LA SIERRA;14;0;0
1552;SIERRA DE LOS ROCHA;14;0;0
1553;LOS CERRILLOS;14;0;0
1554;GARZON ARRIBA;14;0;0
1555;SAUCE DE ROCHA;14;0;0
1556;PICADA TOLOSA;14;0;0
1557;EL CANELON;14;0;0
1558;GARZON AL MEDIO;14;0;0
1559;CUCHILLA DE GARZON;14;0;0
1560;GARZON ABAJO;14;0;0
1561;BALNEARIO PUEBLO NUEVO;14;0;0
1562;SAN SEBASTIAN;14;0;0
1563;PASO DEL BAÑADO;14;0;0
1564;LOS INDIOS;14;0;0
1565;PUNTA CEBOLLATI;14;0;0
1566;FORTIN DE SAN MIGUEL;14;0;0
1567;COSTA AZUL;14;0;0
1568;LA AGUADA;14;0;0
1569;MAR DEL PLATA;14;0;0
1570;DIAMANTE DE LA PEDRERA;14;0;0
1571;BARRANCAS DE LA PEDRERA;14;0;0
1572;PEDRERA NORTE;14;0;0
1573;SANTA ISABEL DE LA PEDRERA;14;0;0
1574;LA CORONILLA FISHING CLUB;14;0;0
1575;SANTA TERESA DE LA CORONILLA 2;14;0;0
1576;SANTA TERESA DE LA CORONILLA 1;14;0;0
1577;CORONILLA DEL MAR;14;0;0
1578;TERMAS DEL DAYMAN;15;0;0
1579;BELEN;15;0;0
1580;PUEBLO CAYETANO;15;0;0
1581;PUEBLO RINCON DE VALENTIN;15;0;0
1582;RINCON DE VALENTIN;15;0;0
1583;CUCHILLA DE GUAVIYU;15;0;0
1584;PUEBLO QUINTANA;15;0;0
1585;SARANDI DE ARAPEY;15;0;0
1586;LAS FLORES;15;0;0
1587;PASO  VALEGA;15;0;0
1588;COLONIA LAVALLEJA;15;0;0
1589;MIGLIARO;15;0;0
1590;PALOMAS;15;0;0
1591;LLUVERAS;15;0;0
1592;OSIMANI Y LLERENA;15;0;0
1593;PUNTAS DE VALENTIN;15;0;0
1594;PASO DEL PARQUE DEL DAYMAN;15;0;0
1595;CELESTE;15;0;0
1596;PUEBLO CELESTE;15;0;0
1597;SALTO;15;0;0
1598;GUAVIYU DE ARAPEY;15;0;0
1599;RUSSO;15;0;0
1600;PASO CEMENTERIO;15;0;0
1601;OLIVERA;15;0;0
1602;PASO DE LAS PIEDRAS DE ARERUNGUA;15;0;0
1603;SAN ANTONIO;15;0;0
1604;COLONIA 18 DE JULIO;15;0;0
1605;SAUCEDO;15;0;0
1606;TERMAS DEL ARAPEY;15;0;0
1607;LAURELES;15;0;0
1608;CONSTITUCION;15;0;0
1609;PARQUE JOSE LUIS;15;0;0
1610;PUEBLO FERNANDEZ;15;0;0
1611;COLONIA ITAPEBI;15;0;0
1612;BALNEARIO ALBISU;15;0;0
1613;BIASSINI;15;0;0
1614;PUEBLO BIASSINI;15;0;0
1615;CAMPO DE TODOS;15;0;0
1616;ARENITAS BLANCAS;15;0;0
1617;CERROS DE VERA;15;0;0
1618;GARIBALDI;15;0;0
1619;CORRAL DE PIEDRA;15;0;0
1620;LOS ORIENTALES;15;0;0
1621;ZANJA DEL TIGRE;15;0;0
1622;CERRO CHATO;15;0;0
1623;TORO NEGRO;15;0;0
1624;PASO DEL POTRERO;15;0;0
1625;CARUMBE;15;0;0
1626;CERRILLADA;15;0;0
1627;PASO DEL TAPADO;15;0;0
1628;BORDENAVE;15;0;0
1629;PASO NUEVO DEL ARAPEY;15;0;0
1630;MATAOJO GRANDE;15;0;0
1631;FERREIRA;15;0;0
1632;LA BOLSA 03;15;0;0
1633;ZANJA DE ALCAIN;15;0;0
1634;VALENTIN GRANDE;15;0;0
1635;LA BOLSA 02;15;0;0
1636;PASO FIALHO;15;0;0
1637;SAUCE CHICO;15;0;0
1638;EL MELLADO;15;0;0
1639;PUEBLO FARIAS;15;0;0
1640;CERRILLADAS DE SAUCEDO;15;0;0
1641;TALAS DE ITAPEBI;15;0;0
1642;LA VITICOLA;15;0;0
1643;TROPIEZO;15;0;0
1644;PARADA HERRERIA;15;0;0
1645;TROPEZON;15;0;0
1646;EL ESPINILLAR;15;0;0
1647;CHACRAS DE CONSTITUCION;15;0;0
1648;ITAPEBI;15;0;0
1649;NUEVA HESPERIDES;15;0;0
1650;CORRALITO;15;0;0
1651;LA BOLSA;15;0;0
1652;COLONIA OSIMANI;15;0;0
1653;COLONIA OSIMANI Y LLERENA;15;0;0
1654;PEPE NUÑEZ;15;0;0
1655;COLONIA RUBIO;15;0;0
1656;CUCHILLA DEL SALTO;15;0;0
1657;MATAOJITO;15;0;0
1658;LA CABALLADA;15;0;0
1659;PUEBLO RAMOS;15;0;0
1660;SOPAS;15;0;0
1661;CHACRAS DE BELEN;15;0;0
1662;YACUY;15;0;0
1663;18 DE JULIO;16;0;0
1664;PUEBLO NUEVO;16;0;0
1665;DELTA DEL TIGRE Y VILLAS;16;0;0
1666;DELTA EL TIGRE;16;0;0
1667;ESTACION RODRIGUEZ;16;0;0
1668;KIYU - ORDEIG;16;0;0
1669;ORDEIG;16;0;0
1670;SANTA MONICA;16;0;0
1671;PLAYA PASCUAL;16;0;0
1672;COLOLO TINOSA;16;0;0
1673;LA BOYADA;16;0;0
1674;CAÑADA GRANDE;16;0;0
1675;RAIGON;16;0;0
1676;RINCON DEL PINO;16;0;0
1677;RINCON DE NAZARETH;16;0;0
1678;TROPEZON;16;0;0
1679;CERAMICAS DEL SUR;16;0;0
1680;PARQUE POSTEL CNEL. ADRIAN MEDINA;16;0;0
1681;JUAN SOLER;16;0;0
1682;PENINO;16;0;0
1683;CAPURRO;16;0;0
1684;SAFICI;16;0;0
1685;VILLA RIVES;16;0;0
1686;PUNTAS DE VALDEZ;16;0;0
1687;SAN FERNANDO CHICO;16;0;0
1688;SAN JOSE DE MAYO;16;0;0
1689;MANGRULLO;16;0;0
1690;MAL ABRIGO;16;0;0
1691;GONZALEZ;16;0;0
1692;CARRETA QUEMADA;16;0;0
1693;COSTAS DE PEREIRA;16;0;0
1694;RAPETTI;16;0;0
1695;COLONIA DELTA;16;0;0
1696;RAFAEL PERAZZA;16;0;0
1697;RADIAL RUTA 3;16;0;0
1698;LIBERTAD;16;0;0
1699;SAN FERNANDO;16;0;0
1700;ITUZAINGO;16;0;0
1701;BOCA DE CUFRE;16;0;0
1702;BOCA DEL CUFRE;16;0;0
1703;VILLA MARIA;16;0;0
1704;MONTE GRANDE;16;0;0
1705;ECILDA PAULLIER;16;0;0
1706;ADOLFO SCAVINO;16;0;0
1707;SCAVINO;16;0;0
1708;SAN GREGORIO;16;0;0
1709;COLONIA DR. BERNARDO ETCHEPARE;16;0;0
1710;PARQUE POSTEL;16;0;0
1711;COLONIA ITALIA;16;0;0
1712;PASO DE MAS;16;0;0
1713;CUCHILLA SECA;16;0;0
1714;ARROYO DE LA VIRGEN;16;0;0
1715;PUNTAS DE CAGANCHA;16;0;0
1716;CUCHILLA DEL VICHADERO;16;0;0
1717;RINCON DE ALBANO;16;0;0
1718;PASO BELASTIQUI;16;0;0
1719;COLONIA WILSON;16;0;0
1720;TROPAS VIEJAS;16;0;0
1721;PUNTAS DE CHAMIZO;16;0;0
1722;MUNDO AZUL;16;0;0
1723;MUNDO AZUL AGUIRRE;16;0;0
1724;FAJARDO;16;0;0
1725;CHAMIZO;16;0;0
1726;PASO DEL REY;16;0;0
1727;COSTAS DEL SAUCE;16;0;0
1728;CORONILLA;16;0;0
1729;TABAREZ;16;0;0
1730;FAJINA;16;0;0
1731;LA CASILLA;16;0;0
1732;LAUREL;16;0;0
1733;PASO DEL CARRETON;16;0;0
1734;ARROYO LLANO;16;0;0
1735;PACHINA;16;0;0
1736;JESUS MARIA;16;0;0
1737;PANTA;16;0;0
1738;CRUZ DE LOS CAMINOS;16;0;0
1739;PASO DE CAMES;16;0;0
1740;RINCON DE ARIAS;16;0;0
1741;CAGANCHA CHICO;16;0;0
1742;TRANQUERA COLORADA;16;0;0
1743;PERICO PEREZ;16;0;0
1744;LA CUCHILLA;16;0;0
1745;ZANJA HONDA;16;0;0
1746;ROCHO;16;0;0
1747;PUNTAS DE LAUREL;16;0;0
1748;JUNCAL;16;0;0
1749;CAGANCHA;16;0;0
1750;RINCON DE LA TORRE;16;0;0
1751;TALA DE PEREIRA;16;0;0
1752;PUNTAS DE GREGORIO;16;0;0
1753;VALDEZ CHICO;16;0;0
1754;SAUCE;16;0;0
1755;SAUCE CHICO;16;0;0
1756;COLONIA JUAN MARIA PEREZ;16;0;0
1757;COSTA DEL MAURICIO;16;0;0
1758;RINCON DE BUSCHENTAL;16;0;0
1759;ORILLAS DEL PLATA;16;0;0
1760;PUNTAS DE TROPA VIEJA;16;0;0
1761;PASO DEL GUAYCURU;16;0;0
1762;GUAYCURU;16;0;0
1763;MAHOMA;16;0;0
1764;PANTANOSO;16;0;0
1765;COLONIA AMERICA;16;0;0
1766;ESCUDERO;16;0;0
1767;BELLA VISTA;16;0;0
1768;PAVON;16;0;0
1769;PICADA GAMBETTA;16;0;0
1770;RINCON DE CUFRE;16;0;0
1771;RINCON DE ARAZATI;16;0;0
1772;COLONIA SAN JOAQUIN;16;0;0
1773;PASO DE LAS PIEDRAS;16;0;0
1774;AUTODROMO NACIONAL;16;0;0
1775;VILLA OLIMPICA;16;0;0
1776;CIUDAD DEL PLATA;16;0;0
1777;RINCON DE LA BOLSA;16;0;0
1778;BAÑADO;16;0;0
1779;PUNTAS DE CAÑADA GRANDE;16;0;0
1780;CUCHILLA DE PEREIRA;16;0;0
1781;COLONIA FERNANDEZ CRESPO;16;0;0
1782;AUTODROMO;16;0;0
1783;PUEBLO NUEVO;16;0;0
1784;RINCON DE CAÑADA NIETO;17;0;0
1785;LARES;17;0;0
1786;CASTILLOS;17;0;0
1787;PUEBLO CASTILLO;17;0;0
1788;EL TALA;17;0;0
1789;PERSEVERANO;17;0;0
1790;LA LOMA;17;0;0
1791;PALO SOLO;17;0;0
1792;JOSE ENRIQUE RODO;17;0;0
1793;CHISPAS;17;0;0
1794;SACACHISPAS;17;0;0
1795;VILLA DARWIN;17;0;0
1796;CHACRAS DE DOLORES;17;0;0
1797;RINCON DE RUIZ;17;0;0
1798;PALMAR;17;0;0
1799;MERCEDES;17;0;0
1800;DOLORES;17;0;0
1801;LA CONCORDIA;17;0;0
1802;EGAA;17;0;0
1803;EGAÑA;17;0;0
1804;RISSO;17;0;0
1805;VILLA SORIANO;17;0;0
1806;CAÑADA NIETO;17;0;0
1807;CARDONA;17;0;0
1808;CUCHILLA DEL PERDIDO;17;0;0
1809;PALMITAS;17;0;0
1810;SANTA CATALINA;17;0;0
1811;COLONIA CONCORDIA;17;0;0
1812;CONCORDIA;17;0;0
1813;ARROYO GRANDE;17;0;0
1814;MONZON;17;0;0
1815;CERRO VERA;17;0;0
1816;PROGRESO;17;0;0
1817;PUNTAS DEL TALA;17;0;0
1818;LA LAGUNA;17;0;0
1819;DURAZNITO;17;0;0
1820;COLONIA SANTA CLARA;17;0;0
1821;COSTAS DEL PERDIDO;17;0;0
1822;PUNTAS DE DURAZNO;17;0;0
1823;PARADA SUAREZ;17;0;0
1824;BAJOS DEL PERDIDO;17;0;0
1825;ALTOS DEL PERDIDO;17;0;0
1826;ZANJA HONDA;17;0;0
1827;CUEVA DEL TIGRE;17;0;0
1828;PUNTAS DE SAN SALVADOR;17;0;0
1829;LATA DEL PERDIDO;17;0;0
1830;RINCON DE COLOLO;17;0;0
1831;SAN DIOS;17;0;0
1832;UNIDAD COOPERARIA No 1;17;0;0
1833;LA TABLA;17;0;0
1834;COLOLO;17;0;0
1835;SARANDI CHICO;17;0;0
1836;GRITO DE ASENCIO;17;0;0
1837;GARULA;17;0;0
1838;COQUIMBO;17;0;0
1839;PEDRO CHICO;17;0;0
1840;EL AGUILA;17;0;0
1841;OLIVERA;17;0;0
1842;COLONIA URUGUAYA;17;0;0
1843;CORRALITO;17;0;0
1844;CUCHILLA DEL CORRALITO;17;0;0
1845;MACIEL;17;0;0
1846;SAN MARTIN;17;0;0
1847;ARROYO DEL MEDIO;17;0;0
1848;BEQUELO;17;0;0
1849;SANTA BLANCA;17;0;0
1850;CHACRAS DE MERCEDES;17;0;0
1851;ASENCIO;17;0;0
1852;COLONIA DIAZ;17;0;0
1853;CERRO ALEGRE;17;0;0
1854;LAS MAULAS;17;0;0
1855;BIZCOCHO;17;0;0
1856;ESPINILLO;17;0;0
1857;PASO DE LA ARENA;17;0;0
1858;PASO DE RAMOS;17;0;0
1859;COSTA DEL AGUILA;17;0;0
1860;CUATRO BOCAS DE BUENA VISTA;17;0;0
1861;ARENAL CHICO;17;0;0
1862;PUNTAS DE ARENALES;17;0;0
1863;LA PALMA;17;0;0
1864;CAÑADA PARAGUAYA;17;0;0
1865;BUENA VISTA;17;0;0
1866;VILLA ALEJANDRINA;17;0;0
1867;COLONIA LARRAÑAGA;17;0;0
1868;CAÑADA MAGALLANES;17;0;0
1869;AZOTEA DE VERA;17;0;0
1870;AGRACIADA;17;0;0
1871;PASO DE LOS TOROS;18;0;0
1872;PASODE LOSTOROS;18;0;0
1873;TACUAREMBO;18;0;0
1874;RINCON DEL BONETE;18;0;0
1875;VILLA ANSINA;18;0;0
1876;PUEBLO DE ARRIBA;18;0;0
1877;PUEBLO DEL BARRO;18;0;0
1878;SAUCE DE BATOVI;18;0;0
1879;RINCON DE PEREIRA;18;0;0
1880;PUNTA DE CARRETERA;18;0;0
1881;LA PEDRERA;18;0;0
1882;CERRO DE PASTOREO;18;0;0
1883;LA HILERA;18;0;0
1884;CERRO CHATO;18;0;0
1885;PASO DEL CERRO;18;0;0
1886;PASO DE LOS NOVILLOS;18;0;0
1887;RIVERA CHICO;18;0;0
1888;PIEDRA SOLA;18;0;0
1889;CARDOSO;18;0;0
1890;FRIGORIFICO MODELO;18;0;0
1891;CUCHILLA DE PERALTA;18;0;0
1892;SAN GREGORIO DE POLANCO;18;0;0
1893;CHAMBERLAIN;18;0;0
1894;CUCHILLA DEL OMBU;18;0;0
1895;PASO BONILLA;18;0;0
1896;ACHAR;18;0;0
1897;CLAVIJO;18;0;0
1898;TAMBORES;18;0;0
1899;CURTINA;18;0;0
1900;CLARA;18;0;0
1901;LAS TOSCAS DE CARAGUATA;18;0;0
1902;LAURELES;18;0;0
1903;CRUZ DE LOS CAMINOS;18;0;0
1904;MONTEVIDEO CHICO;18;0;0
1905;PUNTAS DE CINCO SAUCES;18;0;0
1906;BALNEARIO IPORA;18;0;0
1907;LAS CHIRCAS;18;0;0
1908;LAS PAJAS;18;0;0
1909;MINUANO;18;0;0
1910;LOS VAZQUEZ;18;0;0
1911;LOS ROSAS;18;0;0
1912;TURUPI;18;0;0
1913;PICADA DE CUELLO;18;0;0
1914;CINCO SAUCES;18;0;0
1915;CERRO DE PEREIRA;18;0;0
1916;LOS FEOS;18;0;0
1917;CUCHILLA DE LA PALMA;18;0;0
1918;LA BOLSA 01;18;0;0
1919;HERIBERTO;18;0;0
1920;COSTAS DE TRES CRUCES;18;0;0
1921;RINCON DE GILOCA;18;0;0
1922;ZAPUCAY;18;0;0
1923;ZAMBULLON;18;0;0
1924;LOS SEMPER;18;0;0
1925;RINCON DE LA LAGUNA;18;0;0
1926;SAN JOAQUIN;18;0;0
1927;RINCON DE ZAMORA;18;0;0
1928;PASO DE LAS FLORES;18;0;0
1929;CUCHILLA DE LAURELES;18;0;0
1930;PASO DEL MEDIO;18;0;0
1931;PASO DE CEFERINO;18;0;0
1932;LAMBARE;18;0;0
1933;PASO DE LAS CARRETAS;18;0;0
1934;ATAQUE;18;0;0
1935;BAÑADO DE ROCHA;18;0;0
1936;CAÑAS;18;0;0
1937;ZAPARA;18;0;0
1938;SAUCE SOLO;18;0;0
1939;LA PALMA;18;0;0
1940;LA ALDEA;18;0;0
1941;RINCON DE LA ALDEA;18;0;0
1942;TIERRAS COLORADAS;18;0;0
1943;RINCON DE LA BOLSA;18;0;0
1944;LOS COITINHOS;18;0;0
1945;SAUCE DE TRANQUERAS;18;0;0
1946;BARRIO LIBERTAD;18;0;0
1947;CERRO BATOVI;18;0;0
1948;MARTINOTE;18;0;0
1949;COYO MARTINEZ;18;0;0
1950;CERROS DE CLARA;18;0;0
1951;LOS CUADRADOS;18;0;0
1952;COLMAN;18;0;0
1953;RINCON DE LOS MACHADO;18;0;0
1954;ONCE CERROS;18;0;0
1955;CERRO DEL ARBOLITO;18;0;0
1956;LOS FURTADOS;18;0;0
1957;ARROYO DEL MEDIO;18;0;0
1958;CHARATA;18;0;0
1959;PASO HONDO;18;0;0
1960;BLANQUILLOS;18;0;0
1961;SAN BENITO;18;0;0
1962;PUNTAS DE LAURELES;18;0;0
1963;LOS LAURELES;18;0;0
1964;CARPINTERIA;18;0;0
1965;LOS CERROS;18;0;0
1966;RINCON DE FREITAS;18;0;0
1967;PASO VICTOR;18;0;0
1968;CUCHILLA DE LA CASA DE PIEDRA;18;0;0
1969;TACUAREMBO CHICO;18;0;0
1970;VALLE EDEN;18;0;0
1971;LOS ROSANOS;18;0;0
1972;EL EMPALME;18;0;0
1973;LOS RODRIGUEZ;18;0;0
1974;PASO DE PEREZ;18;0;0
1975;PAMPA;18;0;0
1976;CARDOZO CHICO;18;0;0
1977;CHURCHILL;18;0;0
1978;LOS MALAVARES;18;0;0
1979;PASO LIVINDO;18;0;0
1980;SAUCE SOLO DEL RIO NEGRO;18;0;0
1981;CARAGUATA AL NORTE;18;0;0
1982;LOS ORTICES;18;0;0
1983;LAS ARENAS;18;0;0
1984;LA BOLSA 02;18;0;0
1985;LARRAYOS;18;0;0
1986;LOS GOMEZ;18;0;0
1987;LOS GARCIA;18;0;0
1988;LAURA;18;0;0
1989;COSTAS DE CARAGUATA;18;0;0
1990;TRES GUITARRAS;18;0;0
1991;PUEBLO CLAVIJO;18;0;0
1992;BARRIO LA MATUTINA;18;0;0
1993;BAÑADO DE CAÑAS;18;0;0
1994;CAÑADA DEL ESTADO;18;0;0
1995;ESTACION MENENDEZ;18;0;0
1996;PASO DE LAS TOSCAS;18;0;0
1997;BARRIO LOPEZ;18;0;0
1998;BARRIO SANTANGELO;18;0;0
1999;BARRIO TORRES;18;0;0
2000;ARROCERA SAN FERNANDO;19;0;0
2001;VALENTINES;19;0;0
2002;PUNTAS DEL PARAO;19;0;0
2003;ARROCERA EL TIGRE;19;0;0
2004;ARROCERA LA CATUMBERA;19;0;0
2005;ARROCERA LA QUERENCIA;19;0;0
2006;EJIDO DE TREINTA Y TRES;19;0;0
2007;EL BELLACO;19;0;0
2008;ARROZAL TREINTA Y TRES;19;0;0
2009;CERRO PELADO;19;0;0
2010;PALO A PIQUE;19;0;0
2011;PUEBLO RINCON DE RAMIREZ;19;0;0
2012;RINCON;19;0;0
2013;CERRO CHATO;19;0;0
2014;SANTA CLARA DE OLIMAR;19;0;0
2015;VERGARA;19;0;0
2016;TUPAMBAE;19;0;0
2017;MARIA ISABEL;19;0;0
2018;MENDIZABAL;19;0;0
2019;GRAL. ENRIQUE MARTINEZ;19;0;0
2020;LA CHARQUEADA;19;0;0
2021;PUEBLO GENERAL ENRIQUE MARTINEZ;19;0;0
2022;TREINTA Y TRES;19;0;0
2023;VILLA SARA;19;0;0
2024;VILLA PASSANO;19;0;0
2025;ARROCERA BONOMO;19;0;0
2026;POBLADO ALONZO;19;0;0
2027;ARROCERA LAS PALMAS;19;0;0
2028;ARROCERA MINI;19;0;0
2029;ARROCERA PROCIPA;19;0;0
2030;ARROCERA LOS TEROS;19;0;0
2031;ARROCERA LOS CEIBOS;19;0;0
2032;MARIA ALBINA;19;0;0
2033;VILLA MARIA ALBINA;19;0;0
2034;ARROCERA RINCON;19;0;0
2035;ARROCERA SANTA FE;19;0;0
2036;ARROCERA ZAPATA;19;0;0
2037;COSTAS DE TACUARI;19;0;0
2038;PASO DE PIRIZ;19;0;0
2039;SIETE CASAS;19;0;0
2040;CIPA SECADOR;19;0;0
2041;CIPA OLIMAR;19;0;0
2042;ACOSTA;19;0;0
2043;LA LATA;19;0;0
2044;CUCHILLA DE DIONISIO;19;0;0
2045;CERROS DE AMARO;19;0;0
2046;PUNTAS DE LEONCHO;19;0;0
2047;CUCHILLA DE OLMOS;19;0;0
2048;PANTEON;19;0;0
2049;HIGUERONES;19;0;0
2050;LA CALAVERA;19;0;0
2051;EL CATETE;19;0;0
2052;PUNTAS DEL ORO;19;0;0
2053;PUNTAS DE LOS CEIBOS;19;0;0
2054;JULIO MARIA SANZ;19;0;0
2055;LOS CEIBOS;19;0;0
2056;PASO ANCHO;19;0;0
2057;LAS CHACRAS;19;0;0
2058;PASO DE LA LAGUNA;19;0;0
2059;OLIMAR GRANDE;19;0;0
2060;LECHIGUANA DE CORRALES;19;0;0
2061;ARRAYANES DE CORRAL DE CEBOLLATI;19;0;0
2062;CAÑADA DE LAS PIEDRAS;19;0;0
2063;ARRAYANES DE CEBOLLATI;19;0;0
2064;CIPA CEBOLLATI;19;0;0
2065;PASO DEL SAUCE;19;0;0
2066;PUNTAS DE QUEBRACHO;19;0;0
2067;YERBAL CHICO;19;0;0
2068;SIERRA DEL YERBAL;19;0;0
2069;YERBALITO;19;0;0
2070;RINCON DE IGUINI;19;0;0
2071;RINCON DE QUINTANA;19;0;0
2072;MATE DULCE;19;0;0
2073;AVESTRUZ CHICO;19;0;0
2074;RINCON DE LOS FRANCOS;19;0;0
2075;BARRIO ABREU;19;0;0
2076;VERDE ALTO;19;0;0
2077;COSTAS DEL ARROYO MALO;19;0;0
2078;LA CALERA;19;0;0
2079;MOLLES DE OLIMAR;19;0;0
2080;CORRALES DE CEBOLLATI;19;0;0
2081;SAUCE DE CORRALES;19;0;0
2082;EL CARMEN;19;0;0
2083;LAS PAVAS;19;0;0
2084;RINCON DE GADEA;19;0;0
2085;PASO DE LA ATAHONA;19;0;0
2086;RINCON DE URTUBEY;19;0;0
2087;PASO DE AVERIAS;19;0;0
2088;NOQUES DE OLIMAR CHICO;19;0;0
2089;COSTAS DEL SARANDI;19;0;0
2090;BAÑADO DE ORO;19;0;0
2091;CAÑADA CHICA;19;0;0
2092;CAÑADA DEL SAUCE;19;0;0
